{
  "primary": {
    "slug": "petersfield",
    "name": "Petersfield",
    "county": "Hampshire",
    "postcode_prefix": "GU31",
    "distance_miles": 0,
    "priority": 1,
    "population": "15000",
    "description": "Our home base in the heart of the South Downs"
  },
  "areas": [
    {
      "slug": "liss",
      "name": "Liss",
      "county": "Hampshire",
      "postcode_prefix": "GU33",
      "distance_miles": 3,
      "priority": 1,
      "description": "A thriving village just 3 miles north of Petersfield"
    },
    {
      "slug": "sheet",
      "name": "Sheet",
      "county": "Hampshire",
      "postcode_prefix": "GU32",
      "distance_miles": 1,
      "priority": 1,
      "description": "Neighbouring village on Petersfield's doorstep"
    },
    {
      "slug": "steep",
      "name": "Steep",
      "county": "Hampshire",
      "postcode_prefix": "GU32",
      "distance_miles": 2,
      "priority": 2,
      "description": "Picturesque village in the South Downs"
    },
    {
      "slug": "east-meon",
      "name": "East Meon",
      "county": "Hampshire",
      "postcode_prefix": "GU32",
      "distance_miles": 5,
      "priority": 2,
      "description": "Beautiful Meon Valley village"
    },
    {
      "slug": "west-meon",
      "name": "West Meon",
      "county": "Hampshire",
      "postcode_prefix": "GU32",
      "distance_miles": 7,
      "priority": 2,
      "description": "Charming village in the Meon Valley"
    },
    {
      "slug": "buriton",
      "name": "Buriton",
      "county": "Hampshire",
      "postcode_prefix": "GU31",
      "distance_miles": 2,
      "priority": 2,
      "description": "Historic village south of Petersfield"
    },
    {
      "slug": "horndean",
      "name": "Horndean",
      "county": "Hampshire",
      "postcode_prefix": "PO8",
      "distance_miles": 8,
      "priority": 1,
      "description": "Large village between Petersfield and Portsmouth"
    },
    {
      "slug": "clanfield",
      "name": "Clanfield",
      "county": "Hampshire",
      "postcode_prefix": "PO8",
      "distance_miles": 7,
      "priority": 2,
      "description": "Growing village near Horndean"
    },
    {
      "slug": "rowlands-castle",
      "name": "Rowlands Castle",
      "county": "Hampshire",
      "postcode_prefix": "PO9",
      "distance_miles": 9,
      "priority": 2,
      "description": "Attractive village near the Sussex border"
    },
    {
      "slug": "waterlooville",
      "name": "Waterlooville",
      "county": "Hampshire",
      "postcode_prefix": "PO7",
      "distance_miles": 10,
      "priority": 1,
      "description": "Large town south of Petersfield"
    },
    {
      "slug": "havant",
      "name": "Havant",
      "county": "Hampshire",
      "postcode_prefix": "PO9",
      "distance_miles": 12,
      "priority": 2,
      "description": "Coastal town near Portsmouth"
    },
    {
      "slug": "alton",
      "name": "Alton",
      "county": "Hampshire",
      "postcode_prefix": "GU34",
      "distance_miles": 10,
      "priority": 1,
      "description": "Market town north of Petersfield"
    },
    {
      "slug": "four-marks",
      "name": "Four Marks",
      "county": "Hampshire",
      "postcode_prefix": "GU34",
      "distance_miles": 8,
      "priority": 2,
      "description": "Village between Petersfield and Alton"
    },
    {
      "slug": "midhurst",
      "name": "Midhurst",
      "county": "West Sussex",
      "postcode_prefix": "GU29",
      "distance_miles": 8,
      "priority": 1,
      "description": "Historic market town in West Sussex"
    },
    {
      "slug": "rogate",
      "name": "Rogate",
      "county": "West Sussex",
      "postcode_prefix": "GU31",
      "distance_miles": 4,
      "priority": 2,
      "description": "Village on the Hampshire/Sussex border"
    },
    {
      "slug": "liphook",
      "name": "Liphook",
      "county": "Hampshire",
      "postcode_prefix": "GU30",
      "distance_miles": 6,
      "priority": 1,
      "description": "Commuter village with good rail links"
    },
    {
      "slug": "bordon",
      "name": "Bordon",
      "county": "Hampshire",
      "postcode_prefix": "GU35",
      "distance_miles": 8,
      "priority": 2,
      "description": "Growing town in East Hampshire"
    },
    {
      "slug": "headley",
      "name": "Headley",
      "county": "Hampshire",
      "postcode_prefix": "GU35",
      "distance_miles": 7,
      "priority": 3,
      "description": "Village near Bordon"
    },
    {
      "slug": "grayshott",
      "name": "Grayshott",
      "county": "Hampshire",
      "postcode_prefix": "GU26",
      "distance_miles": 9,
      "priority": 2,
      "description": "Village on the Surrey/Hampshire border"
    },
    {
      "slug": "haslemere",
      "name": "Haslemere",
      "county": "Surrey",
      "postcode_prefix": "GU27",
      "distance_miles": 10,
      "priority": 2,
      "description": "Surrey market town near Hampshire"
    }
  ]
}
